threshold,mean,std,3-5,5-7,7-9
0.00899189130626147,0.00899189130626147,9.509259041043829e-05,0.009,0.009104089219330848,0.00887158469945356
