threshold,mean,std,3-5,5-7,7-9
0.00902129930810905,0.00902129930810905,0.0006111707010582113,0.008201219512195128,0.009194915254237287,0.009667763157894738
