threshold,mean,std,3-5,5-7,7-9
0.007735128287446669,0.007735128287446669,0.000919413629224803,0.00643840579710144,0.008466346153846168,0.0083006329113924
