threshold,mean,std,3-5,5-7,7-9
0.008863126435558392,0.008863126435558392,0.0007416788558883752,0.007897727272727273,0.009700980392156864,0.00899067164179104
